student,Module 0: Pre-Test  (4362118),Module 7: Post-Test (4549646),Increase,Module 1 Journal Club-- CCLE paper (4683399),Module 2: Journal Club - Sex Determination Using RNA-seq (4683400),Module 3: Journal Club - Tumor Suppressors that Escape XCI (4683401),Module 4: Journal Club - Sex differences in cancer mechanisms (4683402),Module 5: Journal Club - Chr Y loss in cancer (4683403),Module 7 Journal Club - Peer Review (4699939),Module 1: Quiz (4386979),Module 2: Quiz (4386968),Module 3: Quiz (4386973),Module 4: Quiz (4362117),Module 5: Quiz (4362112),Module 6: Quiz  (4362109),Module 7: Quiz (4386976),Final Grade
Student1,61,66,1,10,10,10,7,10,10,20,19,19,19,18,20,20,A
Student2,62.67,65.5,1,10,10,8,8,7,10,19,19,19,19,19,19,17,A
Student3,53.33,66,1,3,9,8,8,7,10,18,18,18,20,18,20,20,C+
Student4,62,66,1,10,10,10,10,10,10,20,20,20,20,20,20,20,A+
Student5,58,56,0,8,10,10,10,9,10,19,20,20,20,19,20,20,A+
Student6,62.5,70,1,10,10,10,10,10,10,20,18,20,19,20,20,20,A+
Student7,64,72.17,1,2,10,5,8,4,10,20,20,20,20,19,20,20,A
Student8,60,61,1,9,8,8,9,4,10,17,17,17,17,17,19,17,A-
Student9,57,61,1,10,10,10,10,10,10,17,14,16,19,19,16,17,A-
Student10,60,66.17,1,10,9,10,10,6,10,18,16,18,19,18,20,20,A-
Student11,56,61.17,1,6,9,5,5,4,10,20,18,20,16,20,20,20,D
Student12,60.33,66,1,10,9,10,8,8,10,20,20,20,20,20,20,19,A
Student13,65,65.33,1,10,9,9,7,7,10,19,20,18,17,19,19,19,B+
Student14,67,71,1,10,10,10,10,10,10,19,18,19,19,18,20,19,A+
Student15,64,67,1,10,10,10,9,10,10,20,20,20,20,20,20,20,A
Student16,63,69,1,10,9,10,10,10,10,19,18,17,19,18,20,19,A
Student17,66.67,63.17,0,10,10,10,10,10,10,20,20,20,20,20,20,20,A+
Student18,65,69,1,10,10,10,10,10,10,20,20,20,20,20,20,20,A+
Student19,67,70,1,10,10,10,10,10,10,20,20,20,20,20,20,20,A
Student20,51.5,65.83,1,10,8,7,7,9,10,18,19,13,14,17,20,20,C
Student21,53.5,63,1,10,7,7,9,4,10,20,20,20,20,20,20,20,A
Student22,61.17,64.17,1,10,10,10,10,10,10,18,19,18,19,19,20,19,A
Student23,67,66,0,10,10,10,5,7,10,20,20,20,20,20,20,20,A+
Student24,67.17,67.33,1,10,10,10,10,10,10,20,18,17,18,19,18,20,A
Student25,62.17,71.17,1,10,10,10,10,10,10,20,20,20,20,20,20,20,A+
Student26,59,59.17,1,10,7,10,9,0,10,19,19,18,17,17,17,18,A-
Student27,58,61,1,10,10,8,10,10,10,19,17,18,20,18,20,18,A
Student28,62.17,67.17,1,10,8,9,8,10,10,18,19,16,18,16,20,19,B+
Student29,72.33,72,0,10,10,10,10,10,10,19,20,20,19,19,20,19,A+
Student30,69,66,0,10,10,10,9,10,10,20,20,20,20,19,19,20,A+
Student31,52.17,62.33,1,10,10,9,10,10,10,20,20,20,20,20,20,20,A-
Student32,59.83,58.5,0,10,10,10,7,7,10,19,20,20,20,20,20,19,A
Student33,62.33,61,0,10,10,10,10,10,10,18,17,18,16,20,19,18,B+
Student34,57.17,57.5,1,10,10,10,8,9,10,15,20,20,18,20,19,19,A
Student35,61.17,65,1,10,10,10,10,10,10,20,20,20,20,20,20,20,A+
Student36,61.17,65.17,1,10,9,10,10,9,10,19,17,16,17,18,18,19,A+
Student37,67,69.17,1,10,9,10,10,7,10,20,19,17,17,18,20,20,A+
Student38,62,60,0,10,10,10,10,10,10,17,17,17,18,18,19,20,A
Student39,56,59,1,10,8,10,10,10,10,14,15,18,18,18,18,20,C+
Student40,66.17,69.17,1,10,10,8,10,10,10,20,20,20,20,20,20,20,A
Student41,64,70,1,10,10,7,8,10,10,20,20,20,20,20,20,20,A+
Student42,60,63,1,10,10,9,10,9,10,20,19,18,19,19,20,20,A
Student43,62.17,67.83,1,10,10,10,10,10,10,19,20,19,17,17,20,19,A+
Student44,64.33,61.17,0,10,10,10,10,10,10,19,20,20,20,20,19,19,B+
Student45,60,69,1,10,10,10,10,10,10,20,19,20,20,19,20,19,A+
